phase,url,primary_topic,primary_entity,search_intent,primary_query_theme,secondary_queries,related_entities,relevant_questions,competing_internal_url,content_gap,recommended_action,topic_entity,intent,primary_theme,secondary_theme,related_questions,competing_url,gap,action
"","https://kujo.robertdevore.com/","","","","","","","","","","","Kujo Course","navigation/application","Kujo Kujo Course","Learn Kujo with executable evidence","What can I learn or build with Kujo?","","No measured query data; preserve distinct lesson scope","Measure branded and topic-level impressions after ingestion"
"","https://kujo.robertdevore.com/course/","","","","","","","","","","","Curriculum","navigation/application","Kujo Curriculum","40 lessons across six stages","What can I learn or build with Kujo?","","No measured query data; preserve distinct lesson scope","Measure branded and topic-level impressions after ingestion"
"","https://kujo.robertdevore.com/course/what-is-kujo/","","","","","","","","","","","What Kujo is","technical learning","Kujo What Kujo is","Start with a goal, an executable program, and evidence.","How does What Kujo is behave in the Kujo VM?","","No measured query data; preserve distinct lesson scope","Measure branded and topic-level impressions after ingestion"
"","https://kujo.robertdevore.com/course/setup-and-cli/","","","","","","","","","","","Installation, CLI, and your first program","technical learning","Kujo Installation, CLI, and your first program","Pin the release, choose the VM, and learn the command boundaries.","How does Installation, CLI, and your first program behave in the Kujo VM?","","No measured query data; preserve distinct lesson scope","Measure branded and topic-level impressions after ingestion"
"","https://kujo.robertdevore.com/course/bindings-and-mutability/","","","","","","","","","","","Bindings, values, and mutability","technical learning","Kujo Bindings, values, and mutability","Use let, mut, and const according to Kujo’s actual rules.","How does Bindings, values, and mutability behave in the Kujo VM?","","No measured query data; preserve distinct lesson scope","Measure branded and topic-level impressions after ingestion"
"","https://kujo.robertdevore.com/course/values-and-truthiness/","","","","","","","","","","","Values, operators, and truthiness","technical learning","Kujo Values, operators, and truthiness","Predict boolean results, checked arithmetic, and equality.","How does Values, operators, and truthiness behave in the Kujo VM?","","No measured query data; preserve distinct lesson scope","Measure branded and topic-level impressions after ingestion"
"","https://kujo.robertdevore.com/course/control-flow/","","","","","","","","","","","Control flow and block scopes","technical learning","Kujo Control flow and block scopes","Make decisions, terminate loops, and keep iteration state local.","How does Control flow and block scopes behave in the Kujo VM?","","No measured query data; preserve distinct lesson scope","Measure branded and topic-level impressions after ingestion"
"","https://kujo.robertdevore.com/course/functions/","","","","","","","","","","","Functions, callbacks, and return values","technical learning","Kujo Functions, callbacks, and return values","Extract decisions into small functions with explicit results.","How does Functions, callbacks, and return values behave in the Kujo VM?","","No measured query data; preserve distinct lesson scope","Measure branded and topic-level impressions after ingestion"
"","https://kujo.robertdevore.com/course/collections-and-pipelines/","","","","","","","","","","","Collections, pipes, and null handling","technical learning","Kujo Collections, pipes, and null handling","Transform structured data without hiding missing-value errors.","How does Collections, pipes, and null handling behave in the Kujo VM?","","No measured query data; preserve distinct lesson scope","Measure branded and topic-level impressions after ingestion"
"","https://kujo.robertdevore.com/course/scope-and-capture/","","","","","","","","","","","Scope, shadowing, and capture","technical learning","Kujo Scope, shadowing, and capture","Locate state by lexical binding, then test capture assumptions.","How does Scope, shadowing, and capture behave in the Kujo VM?","","No measured query data; preserve distinct lesson scope","Measure branded and topic-level impressions after ingestion"
"","https://kujo.robertdevore.com/course/structs-and-enums/","","","","","","","","","","","Structs and enums","technical learning","Kujo Structs and enums","Model domain records and states before adding behavior.","How does Structs and enums behave in the Kujo VM?","","No measured query data; preserve distinct lesson scope","Measure branded and topic-level impressions after ingestion"
"","https://kujo.robertdevore.com/course/match-result-option/","","","","","","","","","","","Match, Result, and Option","technical learning","Kujo Match, Result, and Option","Give expected failure and absence their own states.","How does Match, Result, and Option behave in the Kujo VM?","","No measured query data; preserve distinct lesson scope","Measure branded and topic-level impressions after ingestion"
"","https://kujo.robertdevore.com/course/exceptions/","","","","","","","","","","","Exceptions and recoverable errors","technical learning","Kujo Exceptions and recoverable errors","Catch failures at the boundary that can make a decision.","How does Exceptions and recoverable errors behave in the Kujo VM?","","No measured query data; preserve distinct lesson scope","Measure branded and topic-level impressions after ingestion"
"","https://kujo.robertdevore.com/course/optional-typing/","","","","","","","","","","","Optional typing without imaginary guarantees","technical learning","Kujo Optional typing without imaginary guarantees","Use annotations while respecting dynamic VM execution.","How does Optional typing without imaginary guarantees behave in the Kujo VM?","","No measured query data; preserve distinct lesson scope","Measure branded and topic-level impressions after ingestion"
"","https://kujo.robertdevore.com/course/async-and-await/","","","","","","","","","","","Async functions and await","technical learning","Kujo Async functions and await","Own pending work and inspect its completion.","How does Async functions and await behave in the Kujo VM?","","No measured query data; preserve distinct lesson scope","Measure branded and topic-level impressions after ingestion"
"","https://kujo.robertdevore.com/course/bounded-concurrency/","","","","","","","","","","","Spawn and bounded concurrent work","technical learning","Kujo Spawn and bounded concurrent work","Choose owned results over timing assumptions.","How does Spawn and bounded concurrent work behave in the Kujo VM?","","No measured query data; preserve distinct lesson scope","Measure branded and topic-level impressions after ingestion"
"","https://kujo.robertdevore.com/course/modules/","","","","","","","","","","","Modules and explicit exports","technical learning","Kujo Modules and explicit exports","Separate reusable code from entrypoint effects.","How does Modules and explicit exports behave in the Kujo VM?","","No measured query data; preserve distinct lesson scope","Measure branded and topic-level impressions after ingestion"
"","https://kujo.robertdevore.com/course/projects-and-lockfiles/","","","","","","","","","","","Projects, packages, and lockfiles","technical learning","Kujo Projects, packages, and lockfiles","Reproduce a manifest without inventing a public registry.","How does Projects, packages, and lockfiles behave in the Kujo VM?","","No measured query data; preserve distinct lesson scope","Measure branded and topic-level impressions after ingestion"
"","https://kujo.robertdevore.com/course/standard-library/","","","","","","","","","","","Finding the standard library contract","technical learning","Kujo Finding the standard library contract","Look up arity, result shape, failure, and authority before calling.","How does Finding the standard library contract behave in the Kujo VM?","","No measured query data; preserve distinct lesson scope","Measure branded and topic-level impressions after ingestion"
"","https://kujo.robertdevore.com/course/testing/","","","","","","","","","","","Testing, fixtures, and runtime evidence","technical learning","Kujo Testing, fixtures, and runtime evidence","Make failures intentional and success independently checkable.","How does Testing, fixtures, and runtime evidence behave in the Kujo VM?","","No measured query data; preserve distinct lesson scope","Measure branded and topic-level impressions after ingestion"
"","https://kujo.robertdevore.com/course/machine-contracts/","","","","","","","","","","","Diagnostics and machine-readable interfaces","technical learning","Kujo Diagnostics and machine-readable interfaces","Serve humans and agents from one explicit result contract.","How does Diagnostics and machine-readable interfaces behave in the Kujo VM?","","No measured query data; preserve distinct lesson scope","Measure branded and topic-level impressions after ingestion"
"","https://kujo.robertdevore.com/course/documentation/","","","","","","","","","","","Documentation as a build artifact","technical learning","Kujo Documentation as a build artifact","Generate API evidence and write the decisions extraction cannot infer.","How does Documentation as a build artifact behave in the Kujo VM?","","No measured query data; preserve distinct lesson scope","Measure branded and topic-level impressions after ingestion"
"","https://kujo.robertdevore.com/course/editor-and-lsp/","","","","","","","","","","","Editor integration and the LSP boundary","technical learning","Kujo Editor integration and the LSP boundary","Keep tooling connected to the same language contract.","How does Editor integration and the LSP boundary behave in the Kujo VM?","","No measured query data; preserve distinct lesson scope","Measure branded and topic-level impressions after ingestion"
"","https://kujo.robertdevore.com/course/filesystem/","","","","","","","","","","","Filesystem automation with bounded paths","technical learning","Kujo Filesystem automation with bounded paths","Read intended inputs and make writes deliberate.","How does Filesystem automation with bounded paths behave in the Kujo VM?","","No measured query data; preserve distinct lesson scope","Measure branded and topic-level impressions after ingestion"
"","https://kujo.robertdevore.com/course/processes/","","","","","","","","","","","Processes without unnecessary shells","technical learning","Kujo Processes without unnecessary shells","Use argv, bounded output, and an explicit result receipt.","How does Processes without unnecessary shells behave in the Kujo VM?","","No measured query data; preserve distinct lesson scope","Measure branded and topic-level impressions after ingestion"
"","https://kujo.robertdevore.com/course/http-and-networking/","","","","","","","","","","","HTTP and network boundaries","technical learning","Kujo HTTP and network boundaries","Separate response handling from live transport.","How does HTTP and network boundaries behave in the Kujo VM?","","No measured query data; preserve distinct lesson scope","Measure branded and topic-level impressions after ingestion"
"","https://kujo.robertdevore.com/course/data-and-persistence/","","","","","","","","","","","Structured data and local persistence","technical learning","Kujo Structured data and local persistence","Store explicit schemas and keep migrations inspectable.","How does Structured data and local persistence behave in the Kujo VM?","","No measured query data; preserve distinct lesson scope","Measure branded and topic-level impressions after ingestion"
"","https://kujo.robertdevore.com/course/capability-security/","","","","","","","","","","","Trusted execution and minimum authority","technical learning","Kujo Trusted execution and minimum authority","Prove a denial, grant one effect, and test the remaining boundary.","How does Trusted execution and minimum authority behave in the Kujo VM?","","No measured query data; preserve distinct lesson scope","Measure branded and topic-level impressions after ingestion"
"","https://kujo.robertdevore.com/course/secret-boundaries/","","","","","","","","","","","Secrets, redaction, and endpoint policy","technical learning","Kujo Secrets, redaction, and endpoint policy","Keep credential values out of ordinary output.","How does Secrets, redaction, and endpoint policy behave in the Kujo VM?","","No measured query data; preserve distinct lesson scope","Measure branded and topic-level impressions after ingestion"
"","https://kujo.robertdevore.com/course/ai-effects-and-messages/","","","","","","","","","","","AI effects and portable messages","technical learning","Kujo AI effects and portable messages","Treat model responses as uncertain external input.","How does AI effects and portable messages behave in the Kujo VM?","","No measured query data; preserve distinct lesson scope","Measure branded and topic-level impressions after ingestion"
"","https://kujo.robertdevore.com/course/request-identity/","","","","","","","","","","","Deterministic request identity","technical learning","Kujo Deterministic request identity","Know which work a cassette or cache entry represents.","How does Deterministic request identity behave in the Kujo VM?","","No measured query data; preserve distinct lesson scope","Measure branded and topic-level impressions after ingestion"
"","https://kujo.robertdevore.com/course/record-and-replay/","","","","","","","","","","","Record, replay, and offline evidence","technical learning","Kujo Record, replay, and offline evidence","Make AI integration tests independent of a live provider.","How does Record, replay, and offline evidence behave in the Kujo VM?","","No measured query data; preserve distinct lesson scope","Measure branded and topic-level impressions after ingestion"
"","https://kujo.robertdevore.com/course/streaming/","","","","","","","","","","","Streaming and cancellation","technical learning","Kujo Streaming and cancellation","Distinguish delivered chunks from a completed domain result.","How does Streaming and cancellation behave in the Kujo VM?","","No measured query data; preserve distinct lesson scope","Measure branded and topic-level impressions after ingestion"
"","https://kujo.robertdevore.com/course/structured-outputs/","","","","","","","","","","","Structured outputs and schema validation","technical learning","Kujo Structured outputs and schema validation","Parse text, validate shape, then evaluate meaning.","How does Structured outputs and schema validation behave in the Kujo VM?","","No measured query data; preserve distinct lesson scope","Measure branded and topic-level impressions after ingestion"
"","https://kujo.robertdevore.com/course/context-and-vectors/","","","","","","","","","","","Context budgets, embeddings, and vectors","technical learning","Kujo Context budgets, embeddings, and vectors","Bound context and keep retrieval policy outside core math.","How does Context budgets, embeddings, and vectors behave in the Kujo VM?","","No measured query data; preserve distinct lesson scope","Measure branded and topic-level impressions after ingestion"
"","https://kujo.robertdevore.com/course/tool-loops/","","","","","","","","","","","Bounded AI tool loops","technical learning","Kujo Bounded AI tool loops","Validate a proposed call before supplying a tool result.","How does Bounded AI tool loops behave in the Kujo VM?","","No measured query data; preserve distinct lesson scope","Measure branded and topic-level impressions after ingestion"
"","https://kujo.robertdevore.com/course/mechanism-and-policy/","","","","","","","","","","","Mechanism versus policy","technical learning","Kujo Mechanism versus policy","Compose an application without turning the language into a framework.","How does Mechanism versus policy behave in the Kujo VM?","","No measured query data; preserve distinct lesson scope","Measure branded and topic-level impressions after ingestion"
"","https://kujo.robertdevore.com/course/loop-engineering/","","","","","","","","","","","Loop Engineering, specs, and stop conditions","technical learning","Kujo Loop Engineering, specs, and stop conditions","Turn an open-ended request into bounded work.","How does Loop Engineering, specs, and stop conditions behave in the Kujo VM?","","No measured query data; preserve distinct lesson scope","Measure branded and topic-level impressions after ingestion"
"","https://kujo.robertdevore.com/course/evaluation/","","","","","","","","","","","Evaluation independent of generation","technical learning","Kujo Evaluation independent of generation","Reject plausible but wrong output with observable criteria.","How does Evaluation independent of generation behave in the Kujo VM?","","No measured query data; preserve distinct lesson scope","Measure branded and topic-level impressions after ingestion"
"","https://kujo.robertdevore.com/course/evidence-and-handoffs/","","","","","","","","","","","Evidence, run records, and work boundaries","technical learning","Kujo Evidence, run records, and work boundaries","Leave enough proof for the next person or program.","How does Evidence, run records, and work boundaries behave in the Kujo VM?","","No measured query data; preserve distinct lesson scope","Measure branded and topic-level impressions after ingestion"
"","https://kujo.robertdevore.com/course/isolation-and-observability/","","","","","","","","","","","Isolation, observability, and watchdogs","technical learning","Kujo Isolation, observability, and watchdogs","Control the host and detect failures outside the happy path.","How does Isolation, observability, and watchdogs behave in the Kujo VM?","","No measured query data; preserve distinct lesson scope","Measure branded and topic-level impressions after ingestion"
"","https://kujo.robertdevore.com/course/mcp-interoperability/","","","","","","","","","","","MCP and external tool interoperability","technical learning","Kujo MCP and external tool interoperability","Expose a schema without confusing discovery with authority.","How does MCP and external tool interoperability behave in the Kujo VM?","","No measured query data; preserve distinct lesson scope","Measure branded and topic-level impressions after ingestion"
"","https://kujo.robertdevore.com/build-1/","","","","","","","","","","","Build 1: Local reporting utility","navigation/application","Kujo Build 1: Local reporting utility","Take job labels from command-line arguments, reject blank input, and produce a useful human-readable report.","What can I learn or build with Kujo?","","No measured query data; preserve distinct lesson scope","Measure branded and topic-level impressions after ingestion"
"","https://kujo.robertdevore.com/build-2/","","","","","","","","","","","Build 2: Concurrent data processor","navigation/application","Kujo Build 2: Concurrent data processor","Turn a fixed set of typed-looking domain records into ordered results using bounded async work.","What can I learn or build with Kujo?","","No measured query data; preserve distinct lesson scope","Measure branded and topic-level impressions after ingestion"
"","https://kujo.robertdevore.com/build-3/","","","","","","","","","","","Build 3: Reusable package","navigation/application","Kujo Build 3: Reusable package","Create a standalone package with an exported module, tests, documentation, and machine-readable output.","What can I learn or build with Kujo?","","No measured query data; preserve distinct lesson scope","Measure branded and topic-level impressions after ingestion"
"","https://kujo.robertdevore.com/build-4/","","","","","","","","","","","Build 4: Bounded native automation","navigation/application","Kujo Build 4: Bounded native automation","Read a contained fixture, run a controlled process, call a local HTTP fixture, and write a structured result.","What can I learn or build with Kujo?","","No measured query data; preserve distinct lesson scope","Measure branded and topic-level impressions after ingestion"
"","https://kujo.robertdevore.com/build-5/","","","","","","","","","","","Build 5: Replay-backed AI automation","navigation/application","Kujo Build 5: Replay-backed AI automation","Add an AI response boundary to a working local program and prove its response handling without live credentials.","What can I learn or build with Kujo?","","No measured query data; preserve distinct lesson scope","Measure branded and topic-level impressions after ingestion"
"","https://kujo.robertdevore.com/build-6/","","","","","","","","","","","Build 6: Evaluated agentic workflow","navigation/application","Kujo Build 6: Evaluated agentic workflow","Combine a bounded goal, explicit context, proposed results, independent evaluation, and a final disposition.","What can I learn or build with Kujo?","","No measured query data; preserve distinct lesson scope","Measure branded and topic-level impressions after ingestion"
"","https://kujo.robertdevore.com/capstone/","","","","","","","","","","","Local-first AI operations runner","navigation/application","Kujo Local-first AI operations runner","Build a complete path from validated request to evaluated result and evidence.","What can I learn or build with Kujo?","","No measured query data; preserve distinct lesson scope","Measure branded and topic-level impressions after ingestion"
"","https://kujo.robertdevore.com/explorer/","","","","","","","","","","","Explore the verified examples","navigation/application","Kujo Explore the verified examples","Inspect actual source, captured output, and genuine failure diagnostics.","What can I learn or build with Kujo?","","No measured query data; preserve distinct lesson scope","Measure branded and topic-level impressions after ingestion"
"","https://kujo.robertdevore.com/about/","","","","","","","","","","","About this course","navigation/application","Kujo About this course","A Kujo-specific path for developers, built with Kujo itself.","What can I learn or build with Kujo?","","No measured query data; preserve distinct lesson scope","Measure branded and topic-level impressions after ingestion"
"","https://kujo.robertdevore.com/evidence/","","","","","","","","","","","Evidence and freshness ledger","navigation/application","Kujo Evidence and freshness ledger","Inspect the runtime version, verified examples, and known contract discrepancies.","What can I learn or build with Kujo?","","No measured query data; preserve distinct lesson scope","Measure branded and topic-level impressions after ingestion"
