phase,url,source_file,page_type,title,title_length,meta_description,description_length,canonical,robots_directives,lang,author,og_title,og_description,og_url,og_type,og_image,twitter_card,duplicate_title,duplicate_description,issues,description,h1
"after","https://kujo.robertdevore.com/","","","Learn Kujo: write, run, prove · Kujo Course","","","","","","","","","","","","","","false","false","","A practical Kujo programming course: 40 lessons, six stage builds, and a replay-backed AI operations capstone.","Write it. Run it. Prove it."
"after","https://kujo.robertdevore.com/course/","","","The course map · Kujo Course","","","","","","","","","","","","","","false","false","","40 lessons across six stages, from Kujo foundations to reliable AI-native systems.","The course map."
"after","https://kujo.robertdevore.com/course/what-is-kujo/","","","What Kujo is · Kujo Course","","","","","","","","","","","","","","false","false","","Start with a goal, an executable program, and evidence.","What Kujo is"
"after","https://kujo.robertdevore.com/course/setup-and-cli/","","","Installation, CLI, and your first program · Kujo Course","","","","","","","","","","","","","","false","false","","Pin the release, choose the VM, and learn the command boundaries.","Installation, CLI, and your first program"
"after","https://kujo.robertdevore.com/course/bindings-and-mutability/","","","Bindings, values, and mutability · Kujo Course","","","","","","","","","","","","","","false","false","","Use let, mut, and const according to Kujo’s actual rules.","Bindings, values, and mutability"
"after","https://kujo.robertdevore.com/course/values-and-truthiness/","","","Values, operators, and truthiness · Kujo Course","","","","","","","","","","","","","","false","false","","Predict boolean results, checked arithmetic, and equality.","Values, operators, and truthiness"
"after","https://kujo.robertdevore.com/course/control-flow/","","","Control flow and block scopes · Kujo Course","","","","","","","","","","","","","","false","false","","Make decisions, terminate loops, and keep iteration state local.","Control flow and block scopes"
"after","https://kujo.robertdevore.com/course/functions/","","","Functions, callbacks, and return values · Kujo Course","","","","","","","","","","","","","","false","false","","Extract decisions into small functions with explicit results.","Functions, callbacks, and return values"
"after","https://kujo.robertdevore.com/course/collections-and-pipelines/","","","Collections, pipes, and null handling · Kujo Course","","","","","","","","","","","","","","false","false","","Transform structured data without hiding missing-value errors.","Collections, pipes, and null handling"
"after","https://kujo.robertdevore.com/course/scope-and-capture/","","","Scope, shadowing, and capture · Kujo Course","","","","","","","","","","","","","","false","false","","Locate state by lexical binding, then test capture assumptions.","Scope, shadowing, and capture"
"after","https://kujo.robertdevore.com/course/structs-and-enums/","","","Structs and enums · Kujo Course","","","","","","","","","","","","","","false","false","","Model domain records and states before adding behavior.","Structs and enums"
"after","https://kujo.robertdevore.com/course/match-result-option/","","","Match, Result, and Option · Kujo Course","","","","","","","","","","","","","","false","false","","Give expected failure and absence their own states.","Match, Result, and Option"
"after","https://kujo.robertdevore.com/course/exceptions/","","","Exceptions and recoverable errors · Kujo Course","","","","","","","","","","","","","","false","false","","Catch failures at the boundary that can make a decision.","Exceptions and recoverable errors"
"after","https://kujo.robertdevore.com/course/optional-typing/","","","Optional typing without imaginary guarantees · Kujo Course","","","","","","","","","","","","","","false","false","","Use annotations while respecting dynamic VM execution.","Optional typing without imaginary guarantees"
"after","https://kujo.robertdevore.com/course/async-and-await/","","","Async functions and await · Kujo Course","","","","","","","","","","","","","","false","false","","Own pending work and inspect its completion.","Async functions and await"
"after","https://kujo.robertdevore.com/course/bounded-concurrency/","","","Spawn and bounded concurrent work · Kujo Course","","","","","","","","","","","","","","false","false","","Choose owned results over timing assumptions.","Spawn and bounded concurrent work"
"after","https://kujo.robertdevore.com/course/modules/","","","Modules and explicit exports · Kujo Course","","","","","","","","","","","","","","false","false","","Separate reusable code from entrypoint effects.","Modules and explicit exports"
"after","https://kujo.robertdevore.com/course/projects-and-lockfiles/","","","Projects, packages, and lockfiles · Kujo Course","","","","","","","","","","","","","","false","false","","Reproduce a manifest without inventing a public registry.","Projects, packages, and lockfiles"
"after","https://kujo.robertdevore.com/course/standard-library/","","","Finding the standard library contract · Kujo Course","","","","","","","","","","","","","","false","false","","Look up arity, result shape, failure, and authority before calling.","Finding the standard library contract"
"after","https://kujo.robertdevore.com/course/testing/","","","Testing, fixtures, and runtime evidence · Kujo Course","","","","","","","","","","","","","","false","false","","Make failures intentional and success independently checkable.","Testing, fixtures, and runtime evidence"
"after","https://kujo.robertdevore.com/course/machine-contracts/","","","Diagnostics and machine-readable interfaces · Kujo Course","","","","","","","","","","","","","","false","false","","Serve humans and agents from one explicit result contract.","Diagnostics and machine-readable interfaces"
"after","https://kujo.robertdevore.com/course/documentation/","","","Documentation as a build artifact · Kujo Course","","","","","","","","","","","","","","false","false","","Generate API evidence and write the decisions extraction cannot infer.","Documentation as a build artifact"
"after","https://kujo.robertdevore.com/course/editor-and-lsp/","","","Editor integration and the LSP boundary · Kujo Course","","","","","","","","","","","","","","false","false","","Keep tooling connected to the same language contract.","Editor integration and the LSP boundary"
"after","https://kujo.robertdevore.com/course/filesystem/","","","Filesystem automation with bounded paths · Kujo Course","","","","","","","","","","","","","","false","false","","Read intended inputs and make writes deliberate.","Filesystem automation with bounded paths"
"after","https://kujo.robertdevore.com/course/processes/","","","Processes without unnecessary shells · Kujo Course","","","","","","","","","","","","","","false","false","","Use argv, bounded output, and an explicit result receipt.","Processes without unnecessary shells"
"after","https://kujo.robertdevore.com/course/http-and-networking/","","","HTTP and network boundaries · Kujo Course","","","","","","","","","","","","","","false","false","","Separate response handling from live transport.","HTTP and network boundaries"
"after","https://kujo.robertdevore.com/course/data-and-persistence/","","","Structured data and local persistence · Kujo Course","","","","","","","","","","","","","","false","false","","Store explicit schemas and keep migrations inspectable.","Structured data and local persistence"
"after","https://kujo.robertdevore.com/course/capability-security/","","","Trusted execution and minimum authority · Kujo Course","","","","","","","","","","","","","","false","false","","Prove a denial, grant one effect, and test the remaining boundary.","Trusted execution and minimum authority"
"after","https://kujo.robertdevore.com/course/secret-boundaries/","","","Secrets, redaction, and endpoint policy · Kujo Course","","","","","","","","","","","","","","false","false","","Keep credential values out of ordinary output.","Secrets, redaction, and endpoint policy"
"after","https://kujo.robertdevore.com/course/ai-effects-and-messages/","","","AI effects and portable messages · Kujo Course","","","","","","","","","","","","","","false","false","","Treat model responses as uncertain external input.","AI effects and portable messages"
"after","https://kujo.robertdevore.com/course/request-identity/","","","Deterministic request identity · Kujo Course","","","","","","","","","","","","","","false","false","","Know which work a cassette or cache entry represents.","Deterministic request identity"
"after","https://kujo.robertdevore.com/course/record-and-replay/","","","Record, replay, and offline evidence · Kujo Course","","","","","","","","","","","","","","false","false","","Make AI integration tests independent of a live provider.","Record, replay, and offline evidence"
"after","https://kujo.robertdevore.com/course/streaming/","","","Streaming and cancellation · Kujo Course","","","","","","","","","","","","","","false","false","","Distinguish delivered chunks from a completed domain result.","Streaming and cancellation"
"after","https://kujo.robertdevore.com/course/structured-outputs/","","","Structured outputs and schema validation · Kujo Course","","","","","","","","","","","","","","false","false","","Parse text, validate shape, then evaluate meaning.","Structured outputs and schema validation"
"after","https://kujo.robertdevore.com/course/context-and-vectors/","","","Context budgets, embeddings, and vectors · Kujo Course","","","","","","","","","","","","","","false","false","","Bound context and keep retrieval policy outside core math.","Context budgets, embeddings, and vectors"
"after","https://kujo.robertdevore.com/course/tool-loops/","","","Bounded AI tool loops · Kujo Course","","","","","","","","","","","","","","false","false","","Validate a proposed call before supplying a tool result.","Bounded AI tool loops"
"after","https://kujo.robertdevore.com/course/mechanism-and-policy/","","","Mechanism versus policy · Kujo Course","","","","","","","","","","","","","","false","false","","Compose an application without turning the language into a framework.","Mechanism versus policy"
"after","https://kujo.robertdevore.com/course/loop-engineering/","","","Loop Engineering, specs, and stop conditions · Kujo Course","","","","","","","","","","","","","","false","false","","Turn an open-ended request into bounded work.","Loop Engineering, specs, and stop conditions"
"after","https://kujo.robertdevore.com/course/evaluation/","","","Evaluation independent of generation · Kujo Course","","","","","","","","","","","","","","false","false","","Reject plausible but wrong output with observable criteria.","Evaluation independent of generation"
"after","https://kujo.robertdevore.com/course/evidence-and-handoffs/","","","Evidence, run records, and work boundaries · Kujo Course","","","","","","","","","","","","","","false","false","","Leave enough proof for the next person or program.","Evidence, run records, and work boundaries"
"after","https://kujo.robertdevore.com/course/isolation-and-observability/","","","Isolation, observability, and watchdogs · Kujo Course","","","","","","","","","","","","","","false","false","","Control the host and detect failures outside the happy path.","Isolation, observability, and watchdogs"
"after","https://kujo.robertdevore.com/course/mcp-interoperability/","","","MCP and external tool interoperability · Kujo Course","","","","","","","","","","","","","","false","false","","Expose a schema without confusing discovery with authority.","MCP and external tool interoperability"
"after","https://kujo.robertdevore.com/build-1/","","","Build 1: Local reporting utility · Kujo Course","","","","","","","","","","","","","","false","false","","Take job labels from command-line arguments, reject blank input, and produce a useful human-readable report.","Build 1: Local reporting utility"
"after","https://kujo.robertdevore.com/build-2/","","","Build 2: Concurrent data processor · Kujo Course","","","","","","","","","","","","","","false","false","","Turn a fixed set of typed-looking domain records into ordered results using bounded async work.","Build 2: Concurrent data processor"
"after","https://kujo.robertdevore.com/build-3/","","","Build 3: Reusable package · Kujo Course","","","","","","","","","","","","","","false","false","","Create a standalone package with an exported module, tests, documentation, and machine-readable output.","Build 3: Reusable package"
"after","https://kujo.robertdevore.com/build-4/","","","Build 4: Bounded native automation · Kujo Course","","","","","","","","","","","","","","false","false","","Read a contained fixture, run a controlled process, call a local HTTP fixture, and write a structured result.","Build 4: Bounded native automation"
"after","https://kujo.robertdevore.com/build-5/","","","Build 5: Replay-backed AI automation · Kujo Course","","","","","","","","","","","","","","false","false","","Add an AI response boundary to a working local program and prove its response handling without live credentials.","Build 5: Replay-backed AI automation"
"after","https://kujo.robertdevore.com/build-6/","","","Build 6: Evaluated agentic workflow · Kujo Course","","","","","","","","","","","","","","false","false","","Combine a bounded goal, explicit context, proposed results, independent evaluation, and a final disposition.","Build 6: Evaluated agentic workflow"
"after","https://kujo.robertdevore.com/capstone/","","","Local-first AI operations runner · Kujo Course","","","","","","","","","","","","","","false","false","","Build a complete path from validated request to evaluated result and evidence.","Local-first AI operations runner"
"after","https://kujo.robertdevore.com/explorer/","","","Explore the verified examples · Kujo Course","","","","","","","","","","","","","","false","false","","Inspect actual source, captured output, and genuine failure diagnostics.","Explore the verified examples"
"after","https://kujo.robertdevore.com/about/","","","About this course · Kujo Course","","","","","","","","","","","","","","false","false","","A Kujo-specific path for developers, built with Kujo itself.","About this course"
"after","https://kujo.robertdevore.com/evidence/","","","Evidence and freshness ledger · Kujo Course","","","","","","","","","","","","","","false","false","","Inspect the runtime version, verified examples, and known contract discrepancies.","Evidence and freshness ledger"
