phase,url,local_status,production_status,indexable,robots_directives,canonical,canonical_target_status,sitemap_included,sitemap_lastmod,reason,status
"baseline","https://kujo.robertdevore.com/","","","true","","https://kujo.robertdevore.com/","","true","","","200"
"baseline","https://kujo.robertdevore.com/course/","","","true","","https://kujo.robertdevore.com/course/","","true","","","200"
"baseline","https://kujo.robertdevore.com/course/what-is-kujo/","","","true","","https://kujo.robertdevore.com/course/what-is-kujo/","","true","","","200"
"baseline","https://kujo.robertdevore.com/course/setup-and-cli/","","","true","","https://kujo.robertdevore.com/course/setup-and-cli/","","true","","","200"
"baseline","https://kujo.robertdevore.com/course/bindings-and-mutability/","","","true","","https://kujo.robertdevore.com/course/bindings-and-mutability/","","true","","","200"
"baseline","https://kujo.robertdevore.com/course/values-and-truthiness/","","","true","","https://kujo.robertdevore.com/course/values-and-truthiness/","","true","","","200"
"baseline","https://kujo.robertdevore.com/course/control-flow/","","","true","","https://kujo.robertdevore.com/course/control-flow/","","true","","","200"
"baseline","https://kujo.robertdevore.com/course/functions/","","","true","","https://kujo.robertdevore.com/course/functions/","","true","","","200"
"baseline","https://kujo.robertdevore.com/course/collections-and-pipelines/","","","true","","https://kujo.robertdevore.com/course/collections-and-pipelines/","","true","","","200"
"baseline","https://kujo.robertdevore.com/course/scope-and-capture/","","","true","","https://kujo.robertdevore.com/course/scope-and-capture/","","true","","","200"
"baseline","https://kujo.robertdevore.com/course/structs-and-enums/","","","true","","https://kujo.robertdevore.com/course/structs-and-enums/","","true","","","200"
"baseline","https://kujo.robertdevore.com/course/match-result-option/","","","true","","https://kujo.robertdevore.com/course/match-result-option/","","true","","","200"
"baseline","https://kujo.robertdevore.com/course/exceptions/","","","true","","https://kujo.robertdevore.com/course/exceptions/","","true","","","200"
"baseline","https://kujo.robertdevore.com/course/optional-typing/","","","true","","https://kujo.robertdevore.com/course/optional-typing/","","true","","","200"
"baseline","https://kujo.robertdevore.com/course/async-and-await/","","","true","","https://kujo.robertdevore.com/course/async-and-await/","","true","","","200"
"baseline","https://kujo.robertdevore.com/course/bounded-concurrency/","","","true","","https://kujo.robertdevore.com/course/bounded-concurrency/","","true","","","200"
"baseline","https://kujo.robertdevore.com/course/modules/","","","true","","https://kujo.robertdevore.com/course/modules/","","true","","","200"
"baseline","https://kujo.robertdevore.com/course/projects-and-lockfiles/","","","true","","https://kujo.robertdevore.com/course/projects-and-lockfiles/","","true","","","200"
"baseline","https://kujo.robertdevore.com/course/standard-library/","","","true","","https://kujo.robertdevore.com/course/standard-library/","","true","","","200"
"baseline","https://kujo.robertdevore.com/course/testing/","","","true","","https://kujo.robertdevore.com/course/testing/","","true","","","200"
"baseline","https://kujo.robertdevore.com/course/machine-contracts/","","","true","","https://kujo.robertdevore.com/course/machine-contracts/","","true","","","200"
"baseline","https://kujo.robertdevore.com/course/documentation/","","","true","","https://kujo.robertdevore.com/course/documentation/","","true","","","200"
"baseline","https://kujo.robertdevore.com/course/editor-and-lsp/","","","true","","https://kujo.robertdevore.com/course/editor-and-lsp/","","true","","","200"
"baseline","https://kujo.robertdevore.com/course/filesystem/","","","true","","https://kujo.robertdevore.com/course/filesystem/","","true","","","200"
"baseline","https://kujo.robertdevore.com/course/processes/","","","true","","https://kujo.robertdevore.com/course/processes/","","true","","","200"
"baseline","https://kujo.robertdevore.com/course/http-and-networking/","","","true","","https://kujo.robertdevore.com/course/http-and-networking/","","true","","","200"
"baseline","https://kujo.robertdevore.com/course/data-and-persistence/","","","true","","https://kujo.robertdevore.com/course/data-and-persistence/","","true","","","200"
"baseline","https://kujo.robertdevore.com/course/capability-security/","","","true","","https://kujo.robertdevore.com/course/capability-security/","","true","","","200"
"baseline","https://kujo.robertdevore.com/course/secret-boundaries/","","","true","","https://kujo.robertdevore.com/course/secret-boundaries/","","true","","","200"
"baseline","https://kujo.robertdevore.com/course/ai-effects-and-messages/","","","true","","https://kujo.robertdevore.com/course/ai-effects-and-messages/","","true","","","200"
"baseline","https://kujo.robertdevore.com/course/request-identity/","","","true","","https://kujo.robertdevore.com/course/request-identity/","","true","","","200"
"baseline","https://kujo.robertdevore.com/course/record-and-replay/","","","true","","https://kujo.robertdevore.com/course/record-and-replay/","","true","","","200"
"baseline","https://kujo.robertdevore.com/course/streaming/","","","true","","https://kujo.robertdevore.com/course/streaming/","","true","","","200"
"baseline","https://kujo.robertdevore.com/course/structured-outputs/","","","true","","https://kujo.robertdevore.com/course/structured-outputs/","","true","","","200"
"baseline","https://kujo.robertdevore.com/course/context-and-vectors/","","","true","","https://kujo.robertdevore.com/course/context-and-vectors/","","true","","","200"
"baseline","https://kujo.robertdevore.com/course/tool-loops/","","","true","","https://kujo.robertdevore.com/course/tool-loops/","","true","","","200"
"baseline","https://kujo.robertdevore.com/course/mechanism-and-policy/","","","true","","https://kujo.robertdevore.com/course/mechanism-and-policy/","","true","","","200"
"baseline","https://kujo.robertdevore.com/course/loop-engineering/","","","true","","https://kujo.robertdevore.com/course/loop-engineering/","","true","","","200"
"baseline","https://kujo.robertdevore.com/course/evaluation/","","","true","","https://kujo.robertdevore.com/course/evaluation/","","true","","","200"
"baseline","https://kujo.robertdevore.com/course/evidence-and-handoffs/","","","true","","https://kujo.robertdevore.com/course/evidence-and-handoffs/","","true","","","200"
"baseline","https://kujo.robertdevore.com/course/isolation-and-observability/","","","true","","https://kujo.robertdevore.com/course/isolation-and-observability/","","true","","","200"
"baseline","https://kujo.robertdevore.com/course/mcp-interoperability/","","","true","","https://kujo.robertdevore.com/course/mcp-interoperability/","","true","","","200"
"baseline","https://kujo.robertdevore.com/build-1/","","","true","","https://kujo.robertdevore.com/build-1/","","true","","","200"
"baseline","https://kujo.robertdevore.com/build-2/","","","true","","https://kujo.robertdevore.com/build-2/","","true","","","200"
"baseline","https://kujo.robertdevore.com/build-3/","","","true","","https://kujo.robertdevore.com/build-3/","","true","","","200"
"baseline","https://kujo.robertdevore.com/build-4/","","","true","","https://kujo.robertdevore.com/build-4/","","true","","","200"
"baseline","https://kujo.robertdevore.com/build-5/","","","true","","https://kujo.robertdevore.com/build-5/","","true","","","200"
"baseline","https://kujo.robertdevore.com/build-6/","","","true","","https://kujo.robertdevore.com/build-6/","","true","","","200"
"baseline","https://kujo.robertdevore.com/capstone/","","","true","","https://kujo.robertdevore.com/capstone/","","true","","","200"
"baseline","https://kujo.robertdevore.com/explorer/","","","true","","https://kujo.robertdevore.com/explorer/","","true","","","200"
"baseline","https://kujo.robertdevore.com/about/","","","true","","https://kujo.robertdevore.com/about/","","true","","","200"
"baseline","https://kujo.robertdevore.com/evidence/","","","true","","https://kujo.robertdevore.com/evidence/","","true","","","200"
