phase,page_url,image_url,alt_text,alt_present,decorative,width,height,loading,format,local_exists,file_bytes,issues,url,src,alt,has_alt
"after","","","","","","36","36","","","","","","https://kujo.robertdevore.com/","/assets/kujo-logomark.svg","","true"
"after","","","","","","36","36","","","","","","https://kujo.robertdevore.com/","/assets/kujo-logomark.svg","","true"
"after","","","","","","36","36","","","","","","https://kujo.robertdevore.com/course/","/assets/kujo-logomark.svg","","true"
"after","","","","","","36","36","","","","","","https://kujo.robertdevore.com/course/","/assets/kujo-logomark.svg","","true"
"after","","","","","","36","36","","","","","","https://kujo.robertdevore.com/course/what-is-kujo/","/assets/kujo-logomark.svg","","true"
"after","","","","","","36","36","","","","","","https://kujo.robertdevore.com/course/what-is-kujo/","/assets/kujo-logomark.svg","","true"
"after","","","","","","36","36","","","","","","https://kujo.robertdevore.com/course/setup-and-cli/","/assets/kujo-logomark.svg","","true"
"after","","","","","","36","36","","","","","","https://kujo.robertdevore.com/course/setup-and-cli/","/assets/kujo-logomark.svg","","true"
"after","","","","","","36","36","","","","","","https://kujo.robertdevore.com/course/bindings-and-mutability/","/assets/kujo-logomark.svg","","true"
"after","","","","","","36","36","","","","","","https://kujo.robertdevore.com/course/bindings-and-mutability/","/assets/kujo-logomark.svg","","true"
"after","","","","","","36","36","","","","","","https://kujo.robertdevore.com/course/values-and-truthiness/","/assets/kujo-logomark.svg","","true"
"after","","","","","","36","36","","","","","","https://kujo.robertdevore.com/course/values-and-truthiness/","/assets/kujo-logomark.svg","","true"
"after","","","","","","36","36","","","","","","https://kujo.robertdevore.com/course/control-flow/","/assets/kujo-logomark.svg","","true"
"after","","","","","","36","36","","","","","","https://kujo.robertdevore.com/course/control-flow/","/assets/kujo-logomark.svg","","true"
"after","","","","","","36","36","","","","","","https://kujo.robertdevore.com/course/functions/","/assets/kujo-logomark.svg","","true"
"after","","","","","","36","36","","","","","","https://kujo.robertdevore.com/course/functions/","/assets/kujo-logomark.svg","","true"
"after","","","","","","36","36","","","","","","https://kujo.robertdevore.com/course/collections-and-pipelines/","/assets/kujo-logomark.svg","","true"
"after","","","","","","36","36","","","","","","https://kujo.robertdevore.com/course/collections-and-pipelines/","/assets/kujo-logomark.svg","","true"
"after","","","","","","36","36","","","","","","https://kujo.robertdevore.com/course/scope-and-capture/","/assets/kujo-logomark.svg","","true"
"after","","","","","","36","36","","","","","","https://kujo.robertdevore.com/course/scope-and-capture/","/assets/kujo-logomark.svg","","true"
"after","","","","","","36","36","","","","","","https://kujo.robertdevore.com/course/structs-and-enums/","/assets/kujo-logomark.svg","","true"
"after","","","","","","36","36","","","","","","https://kujo.robertdevore.com/course/structs-and-enums/","/assets/kujo-logomark.svg","","true"
"after","","","","","","36","36","","","","","","https://kujo.robertdevore.com/course/match-result-option/","/assets/kujo-logomark.svg","","true"
"after","","","","","","36","36","","","","","","https://kujo.robertdevore.com/course/match-result-option/","/assets/kujo-logomark.svg","","true"
"after","","","","","","36","36","","","","","","https://kujo.robertdevore.com/course/exceptions/","/assets/kujo-logomark.svg","","true"
"after","","","","","","36","36","","","","","","https://kujo.robertdevore.com/course/exceptions/","/assets/kujo-logomark.svg","","true"
"after","","","","","","36","36","","","","","","https://kujo.robertdevore.com/course/optional-typing/","/assets/kujo-logomark.svg","","true"
"after","","","","","","36","36","","","","","","https://kujo.robertdevore.com/course/optional-typing/","/assets/kujo-logomark.svg","","true"
"after","","","","","","36","36","","","","","","https://kujo.robertdevore.com/course/async-and-await/","/assets/kujo-logomark.svg","","true"
"after","","","","","","36","36","","","","","","https://kujo.robertdevore.com/course/async-and-await/","/assets/kujo-logomark.svg","","true"
"after","","","","","","36","36","","","","","","https://kujo.robertdevore.com/course/bounded-concurrency/","/assets/kujo-logomark.svg","","true"
"after","","","","","","36","36","","","","","","https://kujo.robertdevore.com/course/bounded-concurrency/","/assets/kujo-logomark.svg","","true"
"after","","","","","","36","36","","","","","","https://kujo.robertdevore.com/course/modules/","/assets/kujo-logomark.svg","","true"
"after","","","","","","36","36","","","","","","https://kujo.robertdevore.com/course/modules/","/assets/kujo-logomark.svg","","true"
"after","","","","","","36","36","","","","","","https://kujo.robertdevore.com/course/projects-and-lockfiles/","/assets/kujo-logomark.svg","","true"
"after","","","","","","36","36","","","","","","https://kujo.robertdevore.com/course/projects-and-lockfiles/","/assets/kujo-logomark.svg","","true"
"after","","","","","","36","36","","","","","","https://kujo.robertdevore.com/course/standard-library/","/assets/kujo-logomark.svg","","true"
"after","","","","","","36","36","","","","","","https://kujo.robertdevore.com/course/standard-library/","/assets/kujo-logomark.svg","","true"
"after","","","","","","36","36","","","","","","https://kujo.robertdevore.com/course/testing/","/assets/kujo-logomark.svg","","true"
"after","","","","","","36","36","","","","","","https://kujo.robertdevore.com/course/testing/","/assets/kujo-logomark.svg","","true"
"after","","","","","","36","36","","","","","","https://kujo.robertdevore.com/course/machine-contracts/","/assets/kujo-logomark.svg","","true"
"after","","","","","","36","36","","","","","","https://kujo.robertdevore.com/course/machine-contracts/","/assets/kujo-logomark.svg","","true"
"after","","","","","","36","36","","","","","","https://kujo.robertdevore.com/course/documentation/","/assets/kujo-logomark.svg","","true"
"after","","","","","","36","36","","","","","","https://kujo.robertdevore.com/course/documentation/","/assets/kujo-logomark.svg","","true"
"after","","","","","","36","36","","","","","","https://kujo.robertdevore.com/course/editor-and-lsp/","/assets/kujo-logomark.svg","","true"
"after","","","","","","36","36","","","","","","https://kujo.robertdevore.com/course/editor-and-lsp/","/assets/kujo-logomark.svg","","true"
"after","","","","","","36","36","","","","","","https://kujo.robertdevore.com/course/filesystem/","/assets/kujo-logomark.svg","","true"
"after","","","","","","36","36","","","","","","https://kujo.robertdevore.com/course/filesystem/","/assets/kujo-logomark.svg","","true"
"after","","","","","","36","36","","","","","","https://kujo.robertdevore.com/course/processes/","/assets/kujo-logomark.svg","","true"
"after","","","","","","36","36","","","","","","https://kujo.robertdevore.com/course/processes/","/assets/kujo-logomark.svg","","true"
"after","","","","","","36","36","","","","","","https://kujo.robertdevore.com/course/http-and-networking/","/assets/kujo-logomark.svg","","true"
"after","","","","","","36","36","","","","","","https://kujo.robertdevore.com/course/http-and-networking/","/assets/kujo-logomark.svg","","true"
"after","","","","","","36","36","","","","","","https://kujo.robertdevore.com/course/data-and-persistence/","/assets/kujo-logomark.svg","","true"
"after","","","","","","36","36","","","","","","https://kujo.robertdevore.com/course/data-and-persistence/","/assets/kujo-logomark.svg","","true"
"after","","","","","","36","36","","","","","","https://kujo.robertdevore.com/course/capability-security/","/assets/kujo-logomark.svg","","true"
"after","","","","","","36","36","","","","","","https://kujo.robertdevore.com/course/capability-security/","/assets/kujo-logomark.svg","","true"
"after","","","","","","36","36","","","","","","https://kujo.robertdevore.com/course/secret-boundaries/","/assets/kujo-logomark.svg","","true"
"after","","","","","","36","36","","","","","","https://kujo.robertdevore.com/course/secret-boundaries/","/assets/kujo-logomark.svg","","true"
"after","","","","","","36","36","","","","","","https://kujo.robertdevore.com/course/ai-effects-and-messages/","/assets/kujo-logomark.svg","","true"
"after","","","","","","36","36","","","","","","https://kujo.robertdevore.com/course/ai-effects-and-messages/","/assets/kujo-logomark.svg","","true"
"after","","","","","","36","36","","","","","","https://kujo.robertdevore.com/course/request-identity/","/assets/kujo-logomark.svg","","true"
"after","","","","","","36","36","","","","","","https://kujo.robertdevore.com/course/request-identity/","/assets/kujo-logomark.svg","","true"
"after","","","","","","36","36","","","","","","https://kujo.robertdevore.com/course/record-and-replay/","/assets/kujo-logomark.svg","","true"
"after","","","","","","36","36","","","","","","https://kujo.robertdevore.com/course/record-and-replay/","/assets/kujo-logomark.svg","","true"
"after","","","","","","36","36","","","","","","https://kujo.robertdevore.com/course/streaming/","/assets/kujo-logomark.svg","","true"
"after","","","","","","36","36","","","","","","https://kujo.robertdevore.com/course/streaming/","/assets/kujo-logomark.svg","","true"
"after","","","","","","36","36","","","","","","https://kujo.robertdevore.com/course/structured-outputs/","/assets/kujo-logomark.svg","","true"
"after","","","","","","36","36","","","","","","https://kujo.robertdevore.com/course/structured-outputs/","/assets/kujo-logomark.svg","","true"
"after","","","","","","36","36","","","","","","https://kujo.robertdevore.com/course/context-and-vectors/","/assets/kujo-logomark.svg","","true"
"after","","","","","","36","36","","","","","","https://kujo.robertdevore.com/course/context-and-vectors/","/assets/kujo-logomark.svg","","true"
"after","","","","","","36","36","","","","","","https://kujo.robertdevore.com/course/tool-loops/","/assets/kujo-logomark.svg","","true"
"after","","","","","","36","36","","","","","","https://kujo.robertdevore.com/course/tool-loops/","/assets/kujo-logomark.svg","","true"
"after","","","","","","36","36","","","","","","https://kujo.robertdevore.com/course/mechanism-and-policy/","/assets/kujo-logomark.svg","","true"
"after","","","","","","36","36","","","","","","https://kujo.robertdevore.com/course/mechanism-and-policy/","/assets/kujo-logomark.svg","","true"
"after","","","","","","36","36","","","","","","https://kujo.robertdevore.com/course/loop-engineering/","/assets/kujo-logomark.svg","","true"
"after","","","","","","36","36","","","","","","https://kujo.robertdevore.com/course/loop-engineering/","/assets/kujo-logomark.svg","","true"
"after","","","","","","36","36","","","","","","https://kujo.robertdevore.com/course/evaluation/","/assets/kujo-logomark.svg","","true"
"after","","","","","","36","36","","","","","","https://kujo.robertdevore.com/course/evaluation/","/assets/kujo-logomark.svg","","true"
"after","","","","","","36","36","","","","","","https://kujo.robertdevore.com/course/evidence-and-handoffs/","/assets/kujo-logomark.svg","","true"
"after","","","","","","36","36","","","","","","https://kujo.robertdevore.com/course/evidence-and-handoffs/","/assets/kujo-logomark.svg","","true"
"after","","","","","","36","36","","","","","","https://kujo.robertdevore.com/course/isolation-and-observability/","/assets/kujo-logomark.svg","","true"
"after","","","","","","36","36","","","","","","https://kujo.robertdevore.com/course/isolation-and-observability/","/assets/kujo-logomark.svg","","true"
"after","","","","","","36","36","","","","","","https://kujo.robertdevore.com/course/mcp-interoperability/","/assets/kujo-logomark.svg","","true"
"after","","","","","","36","36","","","","","","https://kujo.robertdevore.com/course/mcp-interoperability/","/assets/kujo-logomark.svg","","true"
"after","","","","","","36","36","","","","","","https://kujo.robertdevore.com/build-1/","/assets/kujo-logomark.svg","","true"
"after","","","","","","36","36","","","","","","https://kujo.robertdevore.com/build-1/","/assets/kujo-logomark.svg","","true"
"after","","","","","","36","36","","","","","","https://kujo.robertdevore.com/build-2/","/assets/kujo-logomark.svg","","true"
"after","","","","","","36","36","","","","","","https://kujo.robertdevore.com/build-2/","/assets/kujo-logomark.svg","","true"
"after","","","","","","36","36","","","","","","https://kujo.robertdevore.com/build-3/","/assets/kujo-logomark.svg","","true"
"after","","","","","","36","36","","","","","","https://kujo.robertdevore.com/build-3/","/assets/kujo-logomark.svg","","true"
"after","","","","","","36","36","","","","","","https://kujo.robertdevore.com/build-4/","/assets/kujo-logomark.svg","","true"
"after","","","","","","36","36","","","","","","https://kujo.robertdevore.com/build-4/","/assets/kujo-logomark.svg","","true"
"after","","","","","","36","36","","","","","","https://kujo.robertdevore.com/build-5/","/assets/kujo-logomark.svg","","true"
"after","","","","","","36","36","","","","","","https://kujo.robertdevore.com/build-5/","/assets/kujo-logomark.svg","","true"
"after","","","","","","36","36","","","","","","https://kujo.robertdevore.com/build-6/","/assets/kujo-logomark.svg","","true"
"after","","","","","","36","36","","","","","","https://kujo.robertdevore.com/build-6/","/assets/kujo-logomark.svg","","true"
"after","","","","","","36","36","","","","","","https://kujo.robertdevore.com/capstone/","/assets/kujo-logomark.svg","","true"
"after","","","","","","36","36","","","","","","https://kujo.robertdevore.com/capstone/","/assets/kujo-logomark.svg","","true"
"after","","","","","","36","36","","","","","","https://kujo.robertdevore.com/explorer/","/assets/kujo-logomark.svg","","true"
"after","","","","","","36","36","","","","","","https://kujo.robertdevore.com/explorer/","/assets/kujo-logomark.svg","","true"
"after","","","","","","36","36","","","","","","https://kujo.robertdevore.com/about/","/assets/kujo-logomark.svg","","true"
"after","","","","","","36","36","","","","","","https://kujo.robertdevore.com/about/","/assets/kujo-logomark.svg","","true"
"after","","","","","","36","36","","","","","","https://kujo.robertdevore.com/evidence/","/assets/kujo-logomark.svg","","true"
"after","","","","","","36","36","","","","","","https://kujo.robertdevore.com/evidence/","/assets/kujo-logomark.svg","","true"
